[
    {"idUser":0,"userName":"John Wick","idMessage":0,"idChat":0,"datetime":"2019-10-17 10:15:41","text":"Hey Mike, whats up??"},
    {"idUser":1,"userName":"Mike Wazowski","idMessage":1,"idChat":0,"datetime":"2019-10-17 10:16:59","text":"Dude!!! 😀️ Did you watch the game last night?"},
    {"idUser":0,"userName":"John Wick","idMessage":2,"idChat":0,"datetime":"2019-10-17 10:17:31","text":"No, had to work. How was it?"},
    {"idUser":1,"userName":"Mike Wazowski","idMessage":3,"idChat":0,"datetime":"2019-10-17 10:18:41","text":"Awesome! Boyander scored 3 goals!"},
    {"idUser":0,"userName":"John Wick","idMessage":4,"idChat":0,"datetime":"2019-10-17 10:19:41","text":"No way! 😮️"},
    {"idUser":1,"userName":"Mike Wazowski","idMessage":5,"idChat":0,"datetime":"2019-10-17 10:20:41","text":"Way..."},
    {"idUser":0,"userName":"John Wick","idMessage":6,"idChat":0,"datetime":"2019-10-17 10:21:41","text":"I bet people went crazy"},
    {"idUser":1,"userName":"Mike Wazowski","idMessage":7,"idChat":0,"datetime":"2019-10-17 10:22:41","text":"For sure. We stayed at KuboLoco until 6AM."},
    {"idUser":0,"userName":"John Wick","idMessage":8,"idChat":0,"datetime":"2019-10-17 10:23:41","text":"Motherfucker! Hungover? 😵️"},
    {"idUser":1,"userName":"Mike Wazowski","idMessage":9,"idChat":0,"datetime":"2019-10-17 10:24:41","text":"Dead, burried and still suffering! 🤮️"},
    {"idUser":2,"userName":"Leia Organa","idMessage":10,"idChat":1,"datetime":"2019-10-18 10:15:41","text":"Im so angry right now!"},
    {"idUser":3,"userName":"Tony Stark","idMessage":11,"idChat":1,"datetime":"2019-10-18 10:16:41","text":"I saw you this morning. You shouldnt get so upset. ❤️"},
    {"idUser":2,"userName":"Leia Organa","idMessage":12,"idChat":1,"datetime":"2019-10-18 10:17:41","text":"Impossible! Cant do it! Just cant! He pissed me off so much."},
    {"idUser":3,"userName":"Tony Stark","idMessage":13,"idChat":1,"datetime":"2019-10-18 10:18:41","text":"Dont get so frustrated, Leia. Remember what German said."},
    {"idUser":2,"userName":"Leia Organa","idMessage":14,"idChat":1,"datetime":"2019-10-18 10:19:41","text":"But how am I suposed to fix the facial recognition system if it doesnt even work?"},
    {"idUser":3,"userName":"Tony Stark","idMessage":15,"idChat":1,"datetime":"2019-10-18 10:20:41","text":"Im sure you will find a way."},
    {"idUser":2,"userName":"Leia Organa","idMessage":16,"idChat":1,"datetime":"2019-10-18 10:21:41","text":"And who the hell is Tony? 🤯️"},
    {"idUser":3,"userName":"Tony Stark","idMessage":17,"idChat":1,"datetime":"2019-10-18 10:22:41","text":"I am Iron Man"},
    {"idUser":2,"userName":"Leia Organa","idMessage":18,"idChat":1,"datetime":"2019-10-18 10:23:41","text":"Oh shit. I think youre friends with my brother."},
    {"idUser":3,"userName":"Tony Stark","idMessage":19,"idChat":1,"datetime":"2019-10-18 10:24:41","text":"Uh-Oh. Better fix that quickly."},
    {"idUser":1,"userName":"Mike Wazowski","idMessage":20,"idChat":2,"datetime":"2019-10-19 10:15:41","text":"Sweety pie! How Ive longed to talk to you."},
    {"idUser":4,"userName":"Ellen Ripley","idMessage":21,"idChat":2,"datetime":"2019-10-19 10:16:41","text":"Not again, Michael.... 😒️"},
    {"idUser":1,"userName":"Mike Wazowski","idMessage":22,"idChat":2,"datetime":"2019-10-19 10:17:41","text":"Its Mike, honey bunny. Or doctor LOVE! And youre a sick little girl."},
    {"idUser":4,"userName":"Ellen Ripley","idMessage":23,"idChat":2,"datetime":"2019-10-19 10:18:41","text":"Im gonna report you to Human Resources again, Michael."},
    {"idUser":1,"userName":"Mike Wazowski","idMessage":24,"idChat":2,"datetime":"2019-10-19 10:19:41","text":"Cant handle me on your own?"},
    {"idUser":4,"userName":"Ellen Ripley","idMessage":25,"idChat":2,"datetime":"2019-10-19 10:20:41","text":"Id rather have a fucking alien crawling out of my ass"},
    {"idUser":1,"userName":"Mike Wazowski","idMessage":26,"idChat":2,"datetime":"2019-10-19 10:21:41","text":"That would be hot... 🔥️"},
    {"idUser":4,"userName":"Ellen Ripley","idMessage":27,"idChat":2,"datetime":"2019-10-19 10:22:41","text":"Ok, youve got to stop drinking! Im calling HR."},
    {"idUser":1,"userName":"Mike Wazowski","idMessage":28,"idChat":2,"datetime":"2019-10-19 10:23:41","text":"I NEED VODKA LIKE A CAR NEEDS GAS"},
    {"idUser":4,"userName":"Ellen Ripley","idMessage":29,"idChat":2,"datetime":"2019-10-19 10:24:41","text":"Dude... Alcoholics Anonymous: https://www.aa.org"},
    {"idUser":5,"userName":"J. Jonah Jameson","idMessage":30,"idChat":3,"datetime":"2019-10-20 10:15:41","text":"I want pictures of Spiderman and I want them now!"},
    {"idUser":0,"userName":"John Wick","idMessage":31,"idChat":3,"datetime":"2019-10-20 10:16:41","text":"Sure, boss."},
    {"idUser":5,"userName":"J. Jonah Jameson","idMessage":32,"idChat":3,"datetime":"2019-10-20 10:17:41","text":"Youve got to take me seriously."},
    {"idUser":0,"userName":"John Wick","idMessage":33,"idChat":3,"datetime":"2019-10-20 10:18:41","text":"I do! I just dont feel appreciated in my job"},
    {"idUser":5,"userName":"J. Jonah Jameson","idMessage":34,"idChat":3,"datetime":"2019-10-20 10:19:41","text":"Thats why youve got to get those damm pictures!!"},
    {"idUser":0,"userName":"John Wick","idMessage":35,"idChat":3,"datetime":"2019-10-20 10:20:41","text":"I dunno..."},
    {"idUser":5,"userName":"J. Jonah Jameson","idMessage":36,"idChat":3,"datetime":"2019-10-20 10:21:41","text":"Get the god damn motherfucking fuckity fuck bloody ballsack pictures"},
    {"idUser":0,"userName":"John Wick","idMessage":37,"idChat":3,"datetime":"2019-10-20 10:22:41","text":"Maybe"},
    {"idUser":5,"userName":"J. Jonah Jameson","idMessage":38,"idChat":3,"datetime":"2019-10-20 10:23:41","text":"Youve got to! And I believe in you"},
    {"idUser":0,"userName":"John Wick","idMessage":39,"idChat":3,"datetime":"2019-10-20 10:24:41","text":"Thank you, boss! I feel much better..."},
    {"idUser":6,"userName":"Danny Torrances Finger","idMessage":40,"idChat":4,"datetime":"2019-10-21 10:15:41","text":"REDRUM"},
    {"idUser":7,"userName":"Danny Torrance","idMessage":41,"idChat":4,"datetime":"2019-10-21 10:16:41","text":"What was that?"},
    {"idUser":6,"userName":"Danny Torrances Finger","idMessage":42,"idChat":4,"datetime":"2019-10-21 10:17:41","text":"REDRUM REDRUM REDRUM"},
    {"idUser":7,"userName":"Danny Torrance","idMessage":43,"idChat":4,"datetime":"2019-10-21 10:18:41","text":"Did you mean red room? Id love a red room."},
    {"idUser":6,"userName":"Danny Torrances Finger","idMessage":44,"idChat":4,"datetime":"2019-10-21 10:19:41","text":"Murder, bro, cold blooded splashy murderous fun"},
    {"idUser":7,"userName":"Danny Torrance","idMessage":45,"idChat":4,"datetime":"2019-10-21 10:20:41","text":"Chill out, pinky.. Its such a nice day"},
    {"idUser":6,"userName":"Danny Torrances Finger","idMessage":46,"idChat":4,"datetime":"2019-10-21 10:21:41","text":"A nice day to create havoc!"},
    {"idUser":7,"userName":"Danny Torrance","idMessage":47,"idChat":4,"datetime":"2019-10-21 10:22:41","text":"Ill go for a walk in the park, I guess. Maybe fishing"},
    {"idUser":6,"userName":"Danny Torrances Finger","idMessage":48,"idChat":4,"datetime":"2019-10-21 10:23:41","text":"Fishing sounds good. What about the labyrinth?"},
    {"idUser":7,"userName":"Danny Torrance","idMessage":49,"idChat":4,"datetime":"2019-10-21 10:24:41","text":"No! That places creeps me out.."}
]